SAMN02256313,Brown Bear
SAMN02256314,Brown Bear
SAMN02256315,Brown Bear
SAMN02256316,ABC Brown Bear
SAMN02256317,ABC Brown Bear
SAMN02256318,ABC Brown Bear
SAMN02256319,ABC Brown Bear
SAMN02256320,ABC Brown Bear
SAMN02256321,ABC Brown Bear
SAMN02256322,Brown Bear
SAMN02261802,Polar Bear
SAMN02261803,Polar Bear
SAMN02261804,Polar Bear
SAMN02261805,Polar Bear
SAMN02261806,Polar Bear
SAMN02261807,Polar Bear
SAMN02261808,Polar Bear
SAMN02261809,Polar Bear
SAMN02261810,Polar Bear
SAMN02261811,Polar Bear
SAMN02261812,Polar Bear
SAMN02261813,Polar Bear
SAMN02261814,Polar Bear
SAMN02261815,Polar Bear
SAMN02261816,Polar Bear
SAMN02261817,Polar Bear
SAMN02261818,Polar Bear
SAMN02261819,Polar Bear
SAMN02261820,Polar Bear
SAMN02261821,Polar Bear
SAMN02261822,Polar Bear
SAMN02261823,Polar Bear
SAMN02261824,Polar Bear
SAMN02261825,Polar Bear
SAMN02261826,Polar Bear
SAMN02261827,Polar Bear
SAMN02261828,Polar Bear
SAMN02261829,Polar Bear
SAMN02261830,Polar Bear
SAMN02261831,Polar Bear
SAMN02261832,Polar Bear
SAMN02261833,Polar Bear
SAMN02261834,Polar Bear
SAMN02261835,Polar Bear
SAMN02261836,Polar Bear
SAMN02261837,Polar Bear
SAMN02261838,Polar Bear
SAMN02261839,Polar Bear
SAMN02261840,Polar Bear
SAMN02261841,Polar Bear
SAMN02261842,Polar Bear
SAMN02261843,Polar Bear
SAMN02261844,Polar Bear
SAMN02261845,Polar Bear
SAMN02261846,Polar Bear
SAMN02261847,Polar Bear
SAMN02261848,Polar Bear
SAMN02261849,Polar Bear
SAMN02261850,Polar Bear
SAMN02261851,Polar Bear
SAMN02261852,Polar Bear
SAMN02261853,Polar Bear
SAMN02261854,Polar Bear
SAMN02261855,Polar Bear
SAMN02261856,Polar Bear
SAMN02261857,Polar Bear
SAMN02261858,Polar Bear
SAMN02261859,Polar Bear
SAMN02261860,Polar Bear
SAMN02261861,Polar Bear
SAMN02261862,Polar Bear
SAMN02261863,Polar Bear
SAMN02261864,Polar Bear
SAMN02261865,Polar Bear
SAMN02261866,Polar Bear
SAMN02261867,Polar Bear
SAMN02261868,Polar Bear
SAMN02261869,Polar Bear
SAMN02261870,Polar Bear
SAMN02261871,Polar Bear
SAMN02261872,Polar Bear
SAMN02261873,Polar Bear
SAMN02261874,Polar Bear
SAMN02261875,Polar Bear
SAMN02261876,Polar Bear
SAMN02261877,Polar Bear
SAMN02261878,Polar Bear
SAMN02261879,Polar Bear
SAMN02261880,Polar Bear
